{
  "id": "2974890",
  "name": "music163",
  "font_family": "iconfont",
  "css_prefix_text": "icon-",
  "description": "",
  "glyphs": [
    {
      "icon_id": "109713",
      "name": "垃圾桶",
      "font_class": "del",
      "unicode": "e616",
      "unicode_decimal": 58902
    },
    {
      "icon_id": "777843",
      "name": "赞",
      "font_class": "icon",
      "unicode": "e651",
      "unicode_decimal": 58961
    },
    {
      "icon_id": "1164427",
      "name": "首页",
      "font_class": "shouye",
      "unicode": "e65f",
      "unicode_decimal": 58975
    },
    {
      "icon_id": "1660744",
      "name": "右三角",
      "font_class": "yousanjiao",
      "unicode": "e629",
      "unicode_decimal": 58921
    },
    {
      "icon_id": "2674474",
      "name": "播放",
      "font_class": "bofang",
      "unicode": "e624",
      "unicode_decimal": 58916
    },
    {
      "icon_id": "2674483",
      "name": "暂停",
      "font_class": "zanting",
      "unicode": "e62a",
      "unicode_decimal": 58922
    },
    {
      "icon_id": "4880431",
      "name": "关闭",
      "font_class": "guanbi",
      "unicode": "e609",
      "unicode_decimal": 58889
    },
    {
      "icon_id": "7594051",
      "name": "24gl-playCircle",
      "font_class": "24gl-playCircle",
      "unicode": "ea6e",
      "unicode_decimal": 60014
    },
    {
      "icon_id": "17816858",
      "name": "搜索",
      "font_class": "sousuo",
      "unicode": "e600",
      "unicode_decimal": 58880
    },
    {
      "icon_id": "17816863",
      "name": "左箭头",
      "font_class": "zuojiantou",
      "unicode": "e601",
      "unicode_decimal": 58881
    },
    {
      "icon_id": "19494211",
      "name": "分 享",
      "font_class": "fenxiang",
      "unicode": "e612",
      "unicode_decimal": 58898
    }
  ]
}
